Style,Standard
Append Mode,1
Fill Mode,1
Capacity,100000
Count,401
Base Time Seconds,1522196111
Base Time Fractional,.233272980
Index,Reading,Unit,Range Digits,Disp Digits,Math,Start Group,Limit1 High,Limit1 Low,Limit2 High,Limit2 Low,Terminal,Questionable,Origin,Value,Unit,Digits,Output,Sense,Source Limit,Overtemp,Date,Time,Fractional Seconds
1,-8.791425329946e-07,Amp DC,.01,5.5,F,F,F,F,F,F,Front,F,Main,-9.9997444152832,Volt DC,10,T,2W,F,F,03/28/2018,00:15:11,.233272980
2,-8.415271963713e-07,Amp DC,.01,5.5,F,F,F,F,F,F,Front,F,Main,-9.8998889923096,Volt DC,10,T,2W,F,F,03/28/2018,00:15:11,.303685040
3,-8.157538218256e-07,Amp DC,.01,5.5,F,F,F,F,F,F,Front,F,Main,-9.8000345230103,Volt DC,10,T,2W,F,F,03/28/2018,00:15:11,.374070220
4,-8.011252816686e-07,Amp DC,.01,5.5,F,F,F,F,F,F,Front,F,Main,-9.6997709274292,Volt DC,10,T,2W,F,F,03/28/2018,00:15:11,.444450520
5,-7.885866466495e-07,Amp DC,.01,5.5,F,F,F,F,F,F,Front,F,Main,-9.5999011993408,Volt DC,10,T,2W,F,F,03/28/2018,00:15:11,.514838120
6,-7.739587317701e-07,Amp DC,.01,5.5,F,F,F,F,F,F,Front,F,Main,-9.4997272491455,Volt DC,10,T,2W,F,F,03/28/2018,00:15:11,.585211720
7,-7.607235943397e-07,Amp DC,.01,5.5,F,F,F,F,F,F,Front,F,Main,-9.3998966217041,Volt DC,10,T,2W,F,F,03/28/2018,00:15:11,.655621360
8,-7.481847319468e-07,Amp DC,.01,5.5,F,F,F,F,F,F,Front,F,Main,-9.3000326156616,Volt DC,10,T,2W,F,F,03/28/2018,00:15:11,.726013300
9,-7.405225233015e-07,Amp DC,.01,5.5,F,F,F,F,F,F,Front,F,Main,-9.1998434066772,Volt DC,10,T,2W,F,F,03/28/2018,00:15:11,.796415680
10,-7.272878406184e-07,Amp DC,.01,5.5,F,F,F,F,F,F,Front,F,Main,-9.0999574661255,Volt DC,10,T,2W,F,F,03/28/2018,00:15:11,.866806380
11,-7.182321724031e-07,Amp DC,.01,5.5,F,F,F,F,F,F,Front,F,Main,-8.9997491836548,Volt DC,10,T,2W,F,F,03/28/2018,00:15:11,.937189820
12,-7.098727792254e-07,Amp DC,.01,5.5,F,F,F,F,F,F,Front,F,Main,-8.8999090194702,Volt DC,10,T,2W,F,F,03/28/2018,00:15:12,.007595720
13,-7.001210065027e-07,Amp DC,.01,5.5,F,F,F,F,F,F,Front,F,Main,-8.8000802993774,Volt DC,10,T,2W,F,F,03/28/2018,00:15:12,.077986200
14,-6.875827125441e-07,Amp DC,.01,5.5,F,F,F,F,F,F,Front,F,Main,-8.6998691558838,Volt DC,10,T,2W,F,F,03/28/2018,00:15:12,.148386560
15,-6.792233193664e-07,Amp DC,.01,5.5,F,F,F,F,F,F,Front,F,Main,-8.5999498367310,Volt DC,10,T,2W,F,F,03/28/2018,00:15:12,.218767880
16,-6.652917363681e-07,Amp DC,.01,5.5,F,F,F,F,F,F,Front,F,Main,-8.4997558593750,Volt DC,10,T,2W,F,F,03/28/2018,00:15:12,.289168360
17,-6.597190349567e-07,Amp DC,.01,5.5,F,F,F,F,F,F,Front,F,Main,-8.3998823165894,Volt DC,10,T,2W,F,F,03/28/2018,00:15:12,.359555860
18,-6.506634804282e-07,Amp DC,.01,5.5,F,F,F,F,F,F,Front,F,Main,-8.3000440597534,Volt DC,10,T,2W,F,F,03/28/2018,00:15:12,.429922680
19,-6.381250727827e-07,Amp DC,.01,5.5,F,F,F,F,F,F,Front,F,Main,-8.1998310089111,Volt DC,10,T,2W,F,F,03/28/2018,00:15:12,.500307260
20,-6.311590823316e-07,Amp DC,.01,5.5,F,F,F,F,F,F,Front,F,Main,-8.0999975204468,Volt DC,10,T,2W,F,F,03/28/2018,00:15:12,.570685460
21,-6.214067411747e-07,Amp DC,.01,5.5,F,F,F,F,F,F,Front,F,Main,-7.9997839927673,Volt DC,10,T,2W,F,F,03/28/2018,00:15:12,.641074640
22,-6.123514140199e-07,Amp DC,.01,5.5,F,F,F,F,F,F,Front,F,Main,-7.8998961448669,Volt DC,10,T,2W,F,F,03/28/2018,00:15:12,.711453960
23,-6.039925892765e-07,Amp DC,.01,5.5,F,F,F,F,F,F,Front,F,Main,-7.8000555038452,Volt DC,10,T,2W,F,F,03/28/2018,00:15:12,.781820500
24,-5.949370915914e-07,Amp DC,.01,5.5,F,F,F,F,F,F,Front,F,Main,-7.6998882293701,Volt DC,10,T,2W,F,F,03/28/2018,00:15:12,.852221200
25,-5.86577868944e-07,Amp DC,.01,5.5,F,F,F,F,F,F,Front,F,Main,-7.6000189781189,Volt DC,10,T,2W,F,F,03/28/2018,00:15:12,.922607780
26,-5.747357363362e-07,Amp DC,.01,5.5,F,F,F,F,F,F,Front,F,Main,-7.4998049736023,Volt DC,10,T,2W,F,F,03/28/2018,00:15:12,.992990460
27,-5.684667598871e-07,Amp DC,.01,5.5,F,F,F,F,F,F,Front,F,Main,-7.3999156951904,Volt DC,10,T,2W,F,F,03/28/2018,00:15:13,.063375020
28,-5.566247978095e-07,Amp DC,.01,5.5,F,F,F,F,F,F,Front,F,Main,-7.3000173568726,Volt DC,10,T,2W,F,F,03/28/2018,00:15:13,.133770540
29,-5.489624186339e-07,Amp DC,.01,5.5,F,F,F,F,F,F,Front,F,Main,-7.1998105049133,Volt DC,10,T,2W,F,F,03/28/2018,00:15:13,.204173140
30,-5.385135750657e-07,Amp DC,.01,5.5,F,F,F,F,F,F,Front,F,Main,-7.0999960899353,Volt DC,10,T,2W,F,F,03/28/2018,00:15:13,.274561760
31,-5.34334162694e-07,Amp DC,.01,5.5,F,F,F,F,F,F,Front,F,Main,-6.9998011589050,Volt DC,10,T,2W,F,F,03/28/2018,00:15:13,.344970240
32,-5.266717835184e-07,Amp DC,.01,5.5,F,F,F,F,F,F,Front,F,Main,-6.8999204635620,Volt DC,10,T,2W,F,F,03/28/2018,00:15:13,.415351020
33,-5.162228262634e-07,Amp DC,.01,5.5,F,F,F,F,F,F,Front,F,Main,-6.8000345230103,Volt DC,10,T,2W,F,F,03/28/2018,00:15:13,.485739580
34,-5.064708261671e-07,Amp DC,.01,5.5,F,F,F,F,F,F,Front,F,Main,-6.6998295783997,Volt DC,10,T,2W,F,F,03/28/2018,00:15:13,.556137960
35,-4.974154421689e-07,Amp DC,.01,5.5,F,F,F,F,F,F,Front,F,Main,-6.5999870300293,Volt DC,10,T,2W,F,F,03/28/2018,00:15:13,.626524460
36,-4.904495654046e-07,Amp DC,.01,5.5,F,F,F,F,F,F,Front,F,Main,-6.4998254776001,Volt DC,10,T,2W,F,F,03/28/2018,00:15:13,.696917740
37,-4.820905132874e-07,Amp DC,.01,5.5,F,F,F,F,F,F,Front,F,Main,-6.3999738693237,Volt DC,10,T,2W,F,F,03/28/2018,00:15:13,.767302760
38,-4.744280488467e-07,Amp DC,.01,5.5,F,F,F,F,F,F,Front,F,Main,-6.3000893592834,Volt DC,10,T,2W,F,F,03/28/2018,00:15:13,.837671000
39,-4.646758782201e-07,Amp DC,.01,5.5,F,F,F,F,F,F,Front,F,Main,-6.1998662948608,Volt DC,10,T,2W,F,F,03/28/2018,00:15:13,.908053320
40,-4.563168829463e-07,Amp DC,.01,5.5,F,F,F,F,F,F,Front,F,Main,-6.1000037193298,Volt DC,10,T,2W,F,F,03/28/2018,00:15:13,.978438620
41,-4.50047735967e-07,Amp DC,.01,5.5,F,F,F,F,F,F,Front,F,Main,-5.9998531341553,Volt DC,10,T,2W,F,F,03/28/2018,00:15:14,.048836500
42,-4.395990629291e-07,Amp DC,.01,5.5,F,F,F,F,F,F,Front,F,Main,-5.8999509811401,Volt DC,10,T,2W,F,F,03/28/2018,00:15:14,.119209220
43,-4.33329802263e-07,Amp DC,.01,5.5,F,F,F,F,F,F,Front,F,Main,-5.8000812530518,Volt DC,10,T,2W,F,F,03/28/2018,00:15:14,.189597720
44,-4.256672525571e-07,Amp DC,.01,5.5,F,F,F,F,F,F,Front,F,Main,-5.6998558044434,Volt DC,10,T,2W,F,F,03/28/2018,00:15:14,.260006080
45,-4.159153093042e-07,Amp DC,.01,5.5,F,F,F,F,F,F,Front,F,Main,-5.5999670028687,Volt DC,10,T,2W,F,F,03/28/2018,00:15:14,.330379780
46,-4.075561435002e-07,Amp DC,.01,5.5,F,F,F,F,F,F,Front,F,Main,-5.4997715950012,Volt DC,10,T,2W,F,F,03/28/2018,00:15:14,.400771020
47,-3.978040012953e-07,Amp DC,.01,5.5,F,F,F,F,F,F,Front,F,Main,-5.3999614715576,Volt DC,10,T,2W,F,F,03/28/2018,00:15:14,.471161020
48,-3.915347406291e-07,Amp DC,.01,5.5,F,F,F,F,F,F,Front,F,Main,-5.3000693321228,Volt DC,10,T,2W,F,F,03/28/2018,00:15:14,.541564280
49,-3.824791292573e-07,Amp DC,.01,5.5,F,F,F,F,F,F,Front,F,Main,-5.1998953819275,Volt DC,10,T,2W,F,F,03/28/2018,00:15:14,.611956380
50,-3.769064846892e-07,Amp DC,.01,5.5,F,F,F,F,F,F,Front,F,Main,-5.1000075340271,Volt DC,10,T,2W,F,F,03/28/2018,00:15:14,.682333760
51,-3.678510438476e-07,Amp DC,.01,5.5,F,F,F,F,F,F,Front,F,Main,-4.9998168945313,Volt DC,10,T,2W,F,F,03/28/2018,00:15:14,.752728300
52,-3.546159064172e-07,Amp DC,.01,5.5,F,F,F,F,F,F,Front,F,Main,-4.8999161720276,Volt DC,10,T,2W,F,F,03/28/2018,00:15:14,.823108900
53,-3.497395368868e-07,Amp DC,.01,5.5,F,F,F,F,F,F,Front,F,Main,-4.8000946044922,Volt DC,10,T,2W,F,F,03/28/2018,00:15:14,.893511340
54,-3.406841528886e-07,Amp DC,.01,5.5,F,F,F,F,F,F,Front,F,Main,-4.6999058723450,Volt DC,10,T,2W,F,F,03/28/2018,00:15:14,.963903860
55,-3.316288257338e-07,Amp DC,.01,5.5,F,F,F,F,F,F,Front,F,Main,-4.6000199317932,Volt DC,10,T,2W,F,F,03/28/2018,00:15:15,.034277980
56,-3.246629205478e-07,Amp DC,.01,5.5,F,F,F,F,F,F,Front,F,Main,-4.4997735023499,Volt DC,10,T,2W,F,F,03/28/2018,00:15:15,.104662580
57,-3.176970722052e-07,Amp DC,.01,5.5,F,F,F,F,F,F,Front,F,Main,-4.3999104499817,Volt DC,10,T,2W,F,F,03/28/2018,00:15:15,.175056280
58,-3.107313375494e-07,Amp DC,.01,5.5,F,F,F,F,F,F,Front,F,Main,-4.3000373840332,Volt DC,10,T,2W,F,F,03/28/2018,00:15:15,.245448980
59,-3.030688731087e-07,Amp DC,.01,5.5,F,F,F,F,F,F,Front,F,Main,-4.1998605728149,Volt DC,10,T,2W,F,F,03/28/2018,00:15:15,.315824400
60,-2.96102939501e-07,Amp DC,.01,5.5,F,F,F,F,F,F,Front,F,Main,-4.1000008583069,Volt DC,10,T,2W,F,F,03/28/2018,00:15:15,.386190940
61,-2.884406455905e-07,Amp DC,.01,5.5,F,F,F,F,F,F,Front,F,Main,-3.9997849464417,Volt DC,10,T,2W,F,F,03/28/2018,00:15:15,.456574680
62,-2.765987971998e-07,Amp DC,.01,5.5,F,F,F,F,F,F,Front,F,Main,-3.8998949527740,Volt DC,10,T,2W,F,F,03/28/2018,00:15:15,.526949760
63,-2.696328635921e-07,Amp DC,.01,5.5,F,F,F,F,F,F,Front,F,Main,-3.8000285625458,Volt DC,10,T,2W,F,F,03/28/2018,00:15:15,.597331920
64,-2.647568067005e-07,Amp DC,.01,5.5,F,F,F,F,F,F,Front,F,Main,-3.6999006271362,Volt DC,10,T,2W,F,F,03/28/2018,00:15:15,.667694200
65,-2.536114322993e-07,Amp DC,.01,5.5,F,F,F,F,F,F,Front,F,Main,-3.6000330448151,Volt DC,10,T,2W,F,F,03/28/2018,00:15:15,.738080060
66,-2.473422568983e-07,Amp DC,.01,5.5,F,F,F,F,F,F,Front,F,Main,-3.4998033046722,Volt DC,10,T,2W,F,F,03/28/2018,00:15:15,.808475920
67,-2.396798208792e-07,Amp DC,.01,5.5,F,F,F,F,F,F,Front,F,Main,-3.3999235630035,Volt DC,10,T,2W,F,F,03/28/2018,00:15:15,.878861200
68,-2.341072047329e-07,Amp DC,.01,5.5,F,F,F,F,F,F,Front,F,Main,-3.3000445365906,Volt DC,10,T,2W,F,F,03/28/2018,00:15:15,.949277360
69,-2.243549204195e-07,Amp DC,.01,5.5,F,F,F,F,F,F,Front,F,Main,-3.1998033523560,Volt DC,10,T,2W,F,F,03/28/2018,00:15:16,.019668760
70,-2.159959819892e-07,Amp DC,.01,5.5,F,F,F,F,F,F,Front,F,Main,-3.0999772548676,Volt DC,10,T,2W,F,F,03/28/2018,00:15:16,.090068400
71,-2.062439818928e-07,Amp DC,.01,5.5,F,F,F,F,F,F,Front,F,Main,-2.9997828006744,Volt DC,10,T,2W,F,F,03/28/2018,00:15:16,.160452780
72,-2.03457545922e-07,Amp DC,.01,5.5,F,F,F,F,F,F,Front,F,Main,-2.8999092578888,Volt DC,10,T,2W,F,F,03/28/2018,00:15:16,.230858540
73,-1.916156691095e-07,Amp DC,.01,5.5,F,F,F,F,F,F,Front,F,Main,-2.8000011444092,Volt DC,10,T,2W,F,F,03/28/2018,00:15:16,.301245080
74,-1.860430813849e-07,Amp DC,.01,5.5,F,F,F,F,F,F,Front,F,Main,-2.6998128890991,Volt DC,10,T,2W,F,F,03/28/2018,00:15:16,.371637260
75,-1.783806737876e-07,Amp DC,.01,5.5,F,F,F,F,F,F,Front,F,Main,-2.5999240875244,Volt DC,10,T,2W,F,F,03/28/2018,00:15:16,.442052740
76,-1.707181240818e-07,Amp DC,.01,5.5,F,F,F,F,F,F,Front,F,Main,-2.4997556209564,Volt DC,10,T,2W,F,F,03/28/2018,00:15:16,.512435880
77,-1.630557733279e-07,Amp DC,.01,5.5,F,F,F,F,F,F,Front,F,Main,-2.3999099731445,Volt DC,10,T,2W,F,F,03/28/2018,00:15:16,.582820520
78,-1.526070718683e-07,Amp DC,.01,5.5,F,F,F,F,F,F,Front,F,Main,-2.3000361919403,Volt DC,10,T,2W,F,F,03/28/2018,00:15:16,.653203020
79,-1.498208064277e-07,Amp DC,.01,5.5,F,F,F,F,F,F,Front,F,Main,-2.1997780799866,Volt DC,10,T,2W,F,F,03/28/2018,00:15:16,.723616560
80,-1.407652518992e-07,Amp DC,.01,5.5,F,F,F,F,F,F,Front,F,Main,-2.0999290943146,Volt DC,10,T,2W,F,F,03/28/2018,00:15:16,.794024760
81,-1.337994604e-07,Amp DC,.01,5.5,F,F,F,F,F,F,Front,F,Main,-1.9997116327286,Volt DC,10,T,2W,F,F,03/28/2018,00:15:16,.864403960
82,-1.268336404792e-07,Amp DC,.01,5.5,F,F,F,F,F,F,Front,F,Main,-1.8998919725418,Volt DC,10,T,2W,F,F,03/28/2018,00:15:16,.934802100
83,-1.205643513913e-07,Amp DC,.01,5.5,F,F,F,F,F,F,Front,F,Main,-1.7999746799469,Volt DC,10,T,2W,F,F,03/28/2018,00:15:17,.005214420
84,-1.122053490121e-07,Amp DC,.01,5.5,F,F,F,F,F,F,Front,F,Main,-1.6997829675674,Volt DC,10,T,2W,F,F,03/28/2018,00:15:17,.075602260
85,-1.052395433021e-07,Amp DC,.01,5.5,F,F,F,F,F,F,Front,F,Main,-1.5998969078064,Volt DC,10,T,2W,F,F,03/28/2018,00:15:17,.145985880
86,-9.479085605335e-08,Amp DC,.01,5.5,F,F,F,F,F,F,Front,F,Main,-1.4996657371521,Volt DC,10,T,2W,F,F,03/28/2018,00:15:17,.216385560
87,-8.782505034333e-08,Amp DC,.01,5.5,F,F,F,F,F,F,Front,F,Main,-1.3998445272446,Volt DC,10,T,2W,F,F,03/28/2018,00:15:17,.286794120
88,-8.294893660832e-08,Amp DC,.01,5.5,F,F,F,F,F,F,Front,F,Main,-1.2999650239944,Volt DC,10,T,2W,F,F,03/28/2018,00:15:17,.357159620
89,-7.319687966856e-08,Amp DC,.01,5.5,F,F,F,F,F,F,Front,F,Main,-1.1997464895248,Volt DC,10,T,2W,F,F,03/28/2018,00:15:17,.427580280
90,-6.623104553682e-08,Amp DC,.01,5.5,F,F,F,F,F,F,Front,F,Main,-1.0998491048813,Volt DC,10,T,2W,F,F,03/28/2018,00:15:17,.497982240
91,-5.926531088107e-08,Amp DC,.01,5.5,F,F,F,F,F,F,Front,F,Main,-0.9996554851532,Volt DC,10,T,2W,F,F,03/28/2018,00:15:17,.568406340
92,-5.369263789134e-08,Amp DC,.01,5.5,F,F,F,F,F,F,Front,F,Main,-0.8997787833214,Volt DC,10,T,2W,F,F,03/28/2018,00:15:17,.638803680
93,-4.533364261761e-08,Amp DC,.01,5.5,F,F,F,F,F,F,Front,F,Main,-0.7999408245087,Volt DC,10,T,2W,F,F,03/28/2018,00:15:17,.709207920
94,-3.418835348157e-08,Amp DC,.01,5.5,F,F,F,F,F,F,Front,F,Main,-0.6997398138046,Volt DC,10,T,2W,F,F,03/28/2018,00:15:17,.779622780
95,-2.722254066612e-08,Amp DC,.01,5.5,F,F,F,F,F,F,Front,F,Main,-0.5998798608780,Volt DC,10,T,2W,F,F,03/28/2018,00:15:17,.850018560
96,-1.886353118152e-08,Amp DC,.01,5.5,F,F,F,F,F,F,Front,F,Main,-0.4995749294758,Volt DC,10,T,2W,F,F,03/28/2018,00:15:17,.920417800
97,-1.46840193338e-08,Amp DC,.01,5.5,F,F,F,F,F,F,Front,F,Main,-0.3997107446194,Volt DC,10,T,2W,F,F,03/28/2018,00:15:17,.990814760
98,-9.807955336782e-09,Amp DC,.01,5.5,F,F,F,F,F,F,Front,F,Main,-0.2998702526093,Volt DC,10,T,2W,F,F,03/28/2018,00:15:18,.061240480
99,-1.449002695608e-09,Amp DC,.01,5.5,F,F,F,F,F,F,Front,F,Main,-0.1997106969357,Volt DC,10,T,2W,F,F,03/28/2018,00:15:18,.131647700
100,4.820229548841e-09,Amp DC,.01,5.5,F,F,F,F,F,F,Front,F,Main,-0.0998176336288,Volt DC,10,T,2W,F,F,03/28/2018,00:15:18,.202035860
101,1.248260872444e-08,Amp DC,.01,5.5,F,F,F,F,F,F,Front,F,Main,0.0000809383928,Volt DC,10,T,2W,F,F,03/28/2018,00:15:18,.272441440
102,1.805527105603e-08,Amp DC,.01,5.5,F,F,F,F,F,F,Front,F,Main,0.1000752225518,Volt DC,10,T,2W,F,F,03/28/2018,00:15:18,.343156420
103,2.780740615549e-08,Amp DC,.01,5.5,F,F,F,F,F,F,Front,F,Main,0.1999493390322,Volt DC,10,T,2W,F,F,03/28/2018,00:15:18,.413561780
104,3.686294647309e-08,Amp DC,.01,5.5,F,F,F,F,F,F,Front,F,Main,0.2997765839100,Volt DC,10,T,2W,F,F,03/28/2018,00:15:18,.483959920
105,4.243559814654e-08,Amp DC,.01,5.5,F,F,F,F,F,F,Front,F,Main,0.3999628424644,Volt DC,10,T,2W,F,F,03/28/2018,00:15:18,.554372240
106,4.80082533727e-08,Amp DC,.01,5.5,F,F,F,F,F,F,Front,F,Main,0.4998327493668,Volt DC,10,T,2W,F,F,03/28/2018,00:15:18,.624752980
107,5.845696904316e-08,Amp DC,.01,5.5,F,F,F,F,F,F,Front,F,Main,0.6001101136208,Volt DC,10,T,2W,F,F,03/28/2018,00:15:18,.695164680
108,6.611935532419e-08,Amp DC,.01,5.5,F,F,F,F,F,F,Front,F,Main,0.6999677419662,Volt DC,10,T,2W,F,F,03/28/2018,00:15:18,.765553040
109,7.238858756864e-08,Amp DC,.01,5.5,F,F,F,F,F,F,Front,F,Main,0.8001703619957,Volt DC,10,T,2W,F,F,03/28/2018,00:15:18,.835950980
110,8.144408525368e-08,Amp DC,.01,5.5,F,F,F,F,F,F,Front,F,Main,0.9000046849251,Volt DC,10,T,2W,F,F,03/28/2018,00:15:18,.906348220
111,8.840982701486e-08,Amp DC,.01,5.5,F,F,F,F,F,F,Front,F,Main,0.9998761415482,Volt DC,10,T,2W,F,F,03/28/2018,00:15:18,.976755060
112,9.398241473946e-08,Amp DC,.01,5.5,F,F,F,F,F,F,Front,F,Main,1.1000716686249,Volt DC,10,T,2W,F,F,03/28/2018,00:15:19,.047176940
113,1.016447370716e-07,Amp DC,.01,5.5,F,F,F,F,F,F,Front,F,Main,1.1999515295029,Volt DC,10,T,2W,F,F,03/28/2018,00:15:19,.117587420
114,1.072173176908e-07,Amp DC,.01,5.5,F,F,F,F,F,F,Front,F,Main,1.3001704216003,Volt DC,10,T,2W,F,F,03/28/2018,00:15:19,.188006140
115,1.134864930918e-07,Amp DC,.01,5.5,F,F,F,F,F,F,Front,F,Main,1.4000475406647,Volt DC,10,T,2W,F,F,03/28/2018,00:15:19,.258420100
116,1.232385216099e-07,Amp DC,.01,5.5,F,F,F,F,F,F,Front,F,Main,1.4998539686203,Volt DC,10,T,2W,F,F,03/28/2018,00:15:19,.328829580
117,1.267214031486e-07,Amp DC,.01,5.5,F,F,F,F,F,F,Front,F,Main,1.6000802516937,Volt DC,10,T,2W,F,F,03/28/2018,00:15:19,.399231800
118,1.343836970591e-07,Amp DC,.01,5.5,F,F,F,F,F,F,Front,F,Main,1.6999622583389,Volt DC,10,T,2W,F,F,03/28/2018,00:15:19,.469649040
119,1.434391663224e-07,Amp DC,.01,5.5,F,F,F,F,F,F,Front,F,Main,1.8001543283463,Volt DC,10,T,2W,F,F,03/28/2018,00:15:19,.540061680
120,1.51798076331e-07,Amp DC,.01,5.5,F,F,F,F,F,F,Front,F,Main,1.9000536203384,Volt DC,10,T,2W,F,F,03/28/2018,00:15:19,.610484540
121,1.580672375212e-07,Amp DC,.01,5.5,F,F,F,F,F,F,Front,F,Main,1.9998928308487,Volt DC,10,T,2W,F,F,03/28/2018,00:15:19,.680884220
122,1.63639811035e-07,Amp DC,.01,5.5,F,F,F,F,F,F,Front,F,Main,2.1000845432281,Volt DC,10,T,2W,F,F,03/28/2018,00:15:19,.751294540
123,1.706055456907e-07,Amp DC,.01,5.5,F,F,F,F,F,F,Front,F,Main,2.1999456882477,Volt DC,10,T,2W,F,F,03/28/2018,00:15:19,.821707540
124,1.761781334153e-07,Amp DC,.01,5.5,F,F,F,F,F,F,Front,F,Main,2.3001899719238,Volt DC,10,T,2W,F,F,03/28/2018,00:15:19,.892111720
125,1.852335458352e-07,Amp DC,.01,5.5,F,F,F,F,F,F,Front,F,Main,2.4000408649445,Volt DC,10,T,2W,F,F,03/28/2018,00:15:19,.962522880
126,1.901095743051e-07,Amp DC,.01,5.5,F,F,F,F,F,F,Front,F,Main,2.5002386569977,Volt DC,10,T,2W,F,F,03/28/2018,00:15:20,.032922000
127,1.984685127354e-07,Amp DC,.01,5.5,F,F,F,F,F,F,Front,F,Main,2.6000709533691,Volt DC,10,T,2W,F,F,03/28/2018,00:15:20,.103330120
128,2.068273659006e-07,Amp DC,.01,5.5,F,F,F,F,F,F,Front,F,Main,2.6999413967133,Volt DC,10,T,2W,F,F,03/28/2018,00:15:20,.173738400
129,2.123998683601e-07,Amp DC,.01,5.5,F,F,F,F,F,F,Front,F,Main,2.8001263141632,Volt DC,10,T,2W,F,F,03/28/2018,00:15:20,.244134100
130,2.186691574479e-07,Amp DC,.01,5.5,F,F,F,F,F,F,Front,F,Main,2.9000298976898,Volt DC,10,T,2W,F,F,03/28/2018,00:15:20,.314548160
131,2.24938332849e-07,Amp DC,.01,5.5,F,F,F,F,F,F,Front,F,Main,3.0002355575562,Volt DC,10,T,2W,F,F,03/28/2018,00:15:20,.384942140
132,2.319040675047e-07,Amp DC,.01,5.5,F,F,F,F,F,F,Front,F,Main,3.1000847816467,Volt DC,10,T,2W,F,F,03/28/2018,00:15:20,.455347200
133,2.416561528662e-07,Amp DC,.01,5.5,F,F,F,F,F,F,Front,F,Main,3.1999170780182,Volt DC,10,T,2W,F,F,03/28/2018,00:15:20,.525740320
134,2.444423898851e-07,Amp DC,.01,5.5,F,F,F,F,F,F,Front,F,Main,3.3001425266266,Volt DC,10,T,2W,F,F,03/28/2018,00:15:20,.596138140
135,2.507115084427e-07,Amp DC,.01,5.5,F,F,F,F,F,F,Front,F,Main,3.4000182151794,Volt DC,10,T,2W,F,F,03/28/2018,00:15:20,.666549560
136,2.583738591966e-07,Amp DC,.01,5.5,F,F,F,F,F,F,Front,F,Main,3.5002257823944,Volt DC,10,T,2W,F,F,03/28/2018,00:15:20,.736928620
137,2.688224469694e-07,Amp DC,.01,5.5,F,F,F,F,F,F,Front,F,Main,3.6001191139221,Volt DC,10,T,2W,F,F,03/28/2018,00:15:20,.807352080
138,2.778779162327e-07,Amp DC,.01,5.5,F,F,F,F,F,F,Front,F,Main,3.7003202438354,Volt DC,10,T,2W,F,F,03/28/2018,00:15:20,.877767100
139,2.820573570261e-07,Amp DC,.01,5.5,F,F,F,F,F,F,Front,F,Main,3.8000981807709,Volt DC,10,T,2W,F,F,03/28/2018,00:15:20,.948170480
140,2.911128262895e-07,Amp DC,.01,5.5,F,F,F,F,F,F,Front,F,Main,3.8999695777893,Volt DC,10,T,2W,F,F,03/28/2018,00:15:21,.018590100
141,2.952922670829e-07,Amp DC,.01,5.5,F,F,F,F,F,F,Front,F,Main,4.0002007484436,Volt DC,10,T,2W,F,F,03/28/2018,00:15:21,.088983620
142,3.05044295601e-07,Amp DC,.01,5.5,F,F,F,F,F,F,Front,F,Main,4.1000537872314,Volt DC,10,T,2W,F,F,03/28/2018,00:15:21,.159411300
143,3.085271771397e-07,Amp DC,.01,5.5,F,F,F,F,F,F,Front,F,Main,4.2002472877502,Volt DC,10,T,2W,F,F,03/28/2018,00:15:21,.229822180
144,3.17582646403e-07,Amp DC,.01,5.5,F,F,F,F,F,F,Front,F,Main,4.3000864982605,Volt DC,10,T,2W,F,F,03/28/2018,00:15:21,.300221720
145,3.266380304012e-07,Amp DC,.01,5.5,F,F,F,F,F,F,Front,F,Main,4.3999390602112,Volt DC,10,T,2W,F,F,03/28/2018,00:15:21,.370629780
146,3.343003811551e-07,Amp DC,.01,5.5,F,F,F,F,F,F,Front,F,Main,4.5001535415649,Volt DC,10,T,2W,F,F,03/28/2018,00:15:21,.441021380
147,3.377832342721e-07,Amp DC,.01,5.5,F,F,F,F,F,F,Front,F,Main,4.6000771522522,Volt DC,10,T,2W,F,F,03/28/2018,00:15:21,.511438340
148,3.489282960345e-07,Amp DC,.01,5.5,F,F,F,F,F,F,Front,F,Main,4.7002544403076,Volt DC,10,T,2W,F,F,03/28/2018,00:15:21,.581843560
149,3.510181159072e-07,Amp DC,.01,5.5,F,F,F,F,F,F,Front,F,Main,4.8001079559326,Volt DC,10,T,2W,F,F,03/28/2018,00:15:21,.652243420
150,3.621632913564e-07,Amp DC,.01,5.5,F,F,F,F,F,F,Front,F,Main,4.8999352455139,Volt DC,10,T,2W,F,F,03/28/2018,00:15:21,.722645920
151,3.698255852669e-07,Amp DC,.01,5.5,F,F,F,F,F,F,Front,F,Main,5.0001697540283,Volt DC,10,T,2W,F,F,03/28/2018,00:15:21,.793048640
152,3.747015853151e-07,Amp DC,.01,5.5,F,F,F,F,F,F,Front,F,Main,5.1000223159790,Volt DC,10,T,2W,F,F,03/28/2018,00:15:21,.863459000
153,3.809708744029e-07,Amp DC,.01,5.5,F,F,F,F,F,F,Front,F,Main,5.2002239227295,Volt DC,10,T,2W,F,F,03/28/2018,00:15:21,.933841360
154,3.85846789186e-07,Amp DC,.01,5.5,F,F,F,F,F,F,Front,F,Main,5.3000726699829,Volt DC,10,T,2W,F,F,03/28/2018,00:15:22,.004247520
155,3.928124385766e-07,Amp DC,.01,5.5,F,F,F,F,F,F,Front,F,Main,5.4002795219421,Volt DC,10,T,2W,F,F,03/28/2018,00:15:22,.074654120
156,4.004748177522e-07,Amp DC,.01,5.5,F,F,F,F,F,F,Front,F,Main,5.5000987052917,Volt DC,10,T,2W,F,F,03/28/2018,00:15:22,.145044360
157,4.074404671428e-07,Amp DC,.01,5.5,F,F,F,F,F,F,Front,F,Main,5.5999698638916,Volt DC,10,T,2W,F,F,03/28/2018,00:15:22,.215449340
158,4.137097562307e-07,Amp DC,.01,5.5,F,F,F,F,F,F,Front,F,Main,5.7001729011536,Volt DC,10,T,2W,F,F,03/28/2018,00:15:22,.285845820
159,4.192823439553e-07,Amp DC,.01,5.5,F,F,F,F,F,F,Front,F,Main,5.8000540733337,Volt DC,10,T,2W,F,F,03/28/2018,00:15:22,.356245400
160,4.255513772478e-07,Amp DC,.01,5.5,F,F,F,F,F,F,Front,F,Main,5.9002385139465,Volt DC,10,T,2W,F,F,03/28/2018,00:15:22,.426638560
161,4.360000502857e-07,Amp DC,.01,5.5,F,F,F,F,F,F,Front,F,Main,6.0001640319824,Volt DC,10,T,2W,F,F,03/28/2018,00:15:22,.497056580
162,4.422691119998e-07,Amp DC,.01,5.5,F,F,F,F,F,F,Front,F,Main,6.0999569892883,Volt DC,10,T,2W,F,F,03/28/2018,00:15:22,.567490360
163,4.513245528415e-07,Amp DC,.01,5.5,F,F,F,F,F,F,Front,F,Main,6.2001256942749,Volt DC,10,T,2W,F,F,03/28/2018,00:15:22,.637901940
164,4.575936713991e-07,Amp DC,.01,5.5,F,F,F,F,F,F,Front,F,Main,6.3000626564026,Volt DC,10,T,2W,F,F,03/28/2018,00:15:22,.708311800
165,4.624697567124e-07,Amp DC,.01,5.5,F,F,F,F,F,F,Front,F,Main,6.4002528190613,Volt DC,10,T,2W,F,F,03/28/2018,00:15:22,.778747280
166,4.722216999653e-07,Amp DC,.01,5.5,F,F,F,F,F,F,Front,F,Main,6.5001101493835,Volt DC,10,T,2W,F,F,03/28/2018,00:15:22,.849187740
167,4.729183729069e-07,Amp DC,.01,5.5,F,F,F,F,F,F,Front,F,Main,6.6002550125122,Volt DC,10,T,2W,F,F,03/28/2018,00:15:22,.919610220
168,4.819737569051e-07,Amp DC,.01,5.5,F,F,F,F,F,F,Front,F,Main,6.7000842094421,Volt DC,10,T,2W,F,F,03/28/2018,00:15:22,.990011040
169,4.938155484524e-07,Amp DC,.01,5.5,F,F,F,F,F,F,Front,F,Main,6.7999629974365,Volt DC,10,T,2W,F,F,03/28/2018,00:15:23,.060425400
170,4.993881930204e-07,Amp DC,.01,5.5,F,F,F,F,F,F,Front,F,Main,6.9001703262329,Volt DC,10,T,2W,F,F,03/28/2018,00:15:23,.130827820
171,5.056573399997e-07,Amp DC,.01,5.5,F,F,F,F,F,F,Front,F,Main,7.0000514984131,Volt DC,10,T,2W,F,F,03/28/2018,00:15:23,.201249220
172,5.133195486451e-07,Amp DC,.01,5.5,F,F,F,F,F,F,Front,F,Main,7.1002302169800,Volt DC,10,T,2W,F,F,03/28/2018,00:15:23,.271672740
173,5.188920226828e-07,Amp DC,.01,5.5,F,F,F,F,F,F,Front,F,Main,7.2000513076782,Volt DC,10,T,2W,F,F,03/28/2018,00:15:23,.342081240
174,5.258578426037e-07,Amp DC,.01,5.5,F,F,F,F,F,F,Front,F,Main,7.2999200820923,Volt DC,10,T,2W,F,F,03/28/2018,00:15:23,.412509020
175,5.370030180529e-07,Amp DC,.01,5.5,F,F,F,F,F,F,Front,F,Main,7.4001708030701,Volt DC,10,T,2W,F,F,03/28/2018,00:15:23,.482926180
176,5.425754920907e-07,Amp DC,.01,5.5,F,F,F,F,F,F,Front,F,Main,7.5000472068787,Volt DC,10,T,2W,F,F,03/28/2018,00:15:23,.553352140
177,5.481479661285e-07,Amp DC,.01,5.5,F,F,F,F,F,F,Front,F,Main,7.6002159118652,Volt DC,10,T,2W,F,F,03/28/2018,00:15:23,.623774820
178,5.558105158343e-07,Amp DC,.01,5.5,F,F,F,F,F,F,Front,F,Main,7.7001051902771,Volt DC,10,T,2W,F,F,03/28/2018,00:15:23,.694181360
179,5.627761083815e-07,Amp DC,.01,5.5,F,F,F,F,F,F,Front,F,Main,7.8002529144287,Volt DC,10,T,2W,F,F,03/28/2018,00:15:23,.764599200
180,5.711350468118e-07,Amp DC,.01,5.5,F,F,F,F,F,F,Front,F,Main,7.9001083374023,Volt DC,10,T,2W,F,F,03/28/2018,00:15:23,.835015360
181,5.774041369477e-07,Amp DC,.01,5.5,F,F,F,F,F,F,Front,F,Main,7.9999980926514,Volt DC,10,T,2W,F,F,03/28/2018,00:15:23,.905431200
182,5.794939283987e-07,Amp DC,.01,5.5,F,F,F,F,F,F,Front,F,Main,8.1002006530762,Volt DC,10,T,2W,F,F,03/28/2018,00:15:23,.975851120
183,5.878525257685e-07,Amp DC,.01,5.5,F,F,F,F,F,F,Front,F,Main,8.2000284194946,Volt DC,10,T,2W,F,F,03/28/2018,00:15:24,.046252180
184,5.976046395517e-07,Amp DC,.01,5.5,F,F,F,F,F,F,Front,F,Main,8.3002481460571,Volt DC,10,T,2W,F,F,03/28/2018,00:15:24,.116680620
185,6.01784392984e-07,Amp DC,.01,5.5,F,F,F,F,F,F,Front,F,Main,8.4000825881958,Volt DC,10,T,2W,F,F,03/28/2018,00:15:24,.187083700
186,6.122328386482e-07,Amp DC,.01,5.5,F,F,F,F,F,F,Front,F,Main,8.4999647140503,Volt DC,10,T,2W,F,F,03/28/2018,00:15:24,.257528520
187,6.185019856275e-07,Amp DC,.01,5.5,F,F,F,F,F,F,Front,F,Main,8.6001501083374,Volt DC,10,T,2W,F,F,03/28/2018,00:15:24,.327973720
188,6.247711894503e-07,Amp DC,.01,5.5,F,F,F,F,F,F,Front,F,Main,8.7000484466553,Volt DC,10,T,2W,F,F,03/28/2018,00:15:24,.398406800
189,6.310402227427e-07,Amp DC,.01,5.5,F,F,F,F,F,F,Front,F,Main,8.8002319335938,Volt DC,10,T,2W,F,F,03/28/2018,00:15:24,.468832960
190,6.442753601732e-07,Amp DC,.01,5.5,F,F,F,F,F,F,Front,F,Main,8.9000730514526,Volt DC,10,T,2W,F,F,03/28/2018,00:15:24,.539254100
191,6.456680239353e-07,Amp DC,.01,5.5,F,F,F,F,F,F,Front,F,Main,8.9998970031738,Volt DC,10,T,2W,F,F,03/28/2018,00:15:24,.609704580
192,6.533307441714e-07,Amp DC,.01,5.5,F,F,F,F,F,F,Front,F,Main,9.1001195907593,Volt DC,10,T,2W,F,F,03/28/2018,00:15:24,.680119820
193,6.609930096602e-07,Amp DC,.01,5.5,F,F,F,F,F,F,Front,F,Main,9.2000236511230,Volt DC,10,T,2W,F,F,03/28/2018,00:15:24,.750551640
194,6.686548204016e-07,Amp DC,.01,5.5,F,F,F,F,F,F,Front,F,Main,9.3002023696899,Volt DC,10,T,2W,F,F,03/28/2018,00:15:24,.820970420
195,6.749243652848e-07,Amp DC,.01,5.5,F,F,F,F,F,F,Front,F,Main,9.4000806808472,Volt DC,10,T,2W,F,F,03/28/2018,00:15:24,.891395280
196,6.811934554207e-07,Amp DC,.01,5.5,F,F,F,F,F,F,Front,F,Main,9.5001859664917,Volt DC,10,T,2W,F,F,03/28/2018,00:15:24,.961793880
197,6.909454555171e-07,Amp DC,.01,5.5,F,F,F,F,F,F,Front,F,Main,9.6000413894653,Volt DC,10,T,2W,F,F,03/28/2018,00:15:25,.032212460
198,6.972146593398e-07,Amp DC,.01,5.5,F,F,F,F,F,F,Front,F,Main,9.6999092102051,Volt DC,10,T,2W,F,F,03/28/2018,00:15:25,.102627080
199,7.062699864946e-07,Amp DC,.01,5.5,F,F,F,F,F,F,Front,F,Main,9.8001537322998,Volt DC,10,T,2W,F,F,03/28/2018,00:15:25,.173053700
200,7.139323656702e-07,Amp DC,.01,5.5,F,F,F,F,F,F,Front,F,Main,9.9000368118286,Volt DC,10,T,2W,F,F,03/28/2018,00:15:25,.243463220
201,7.202014558061e-07,Amp DC,.01,5.5,F,F,F,F,F,F,Front,F,Main,10.0001792907715,Volt DC,10,T,2W,F,F,03/28/2018,00:15:25,.313892580
202,7.104493420229e-07,Amp DC,.01,5.5,F,F,F,F,F,F,Front,F,Main,9.9000225067139,Volt DC,10,T,2W,F,F,03/28/2018,00:15:25,.384295360
203,7.027872470644e-07,Amp DC,.01,5.5,F,F,F,F,F,F,Front,F,Main,9.8001518249512,Volt DC,10,T,2W,F,F,03/28/2018,00:15:25,.454725560
204,6.923386308699e-07,Amp DC,.01,5.5,F,F,F,F,F,F,Front,F,Main,9.6999082565308,Volt DC,10,T,2W,F,F,03/28/2018,00:15:25,.525133840
205,6.82586687617e-07,Amp DC,.01,5.5,F,F,F,F,F,F,Front,F,Main,9.6000509262085,Volt DC,10,T,2W,F,F,03/28/2018,00:15:25,.595551540
206,6.763174269508e-07,Amp DC,.01,5.5,F,F,F,F,F,F,Front,F,Main,9.5001821517944,Volt DC,10,T,2W,F,F,03/28/2018,00:15:25,.665962580
207,6.693518344036e-07,Amp DC,.01,5.5,F,F,F,F,F,F,Front,F,Main,9.4000921249390,Volt DC,10,T,2W,F,F,03/28/2018,00:15:25,.736380960
208,6.582067726413e-07,Amp DC,.01,5.5,F,F,F,F,F,F,Front,F,Main,9.3002157211304,Volt DC,10,T,2W,F,F,03/28/2018,00:15:25,.806820380
209,6.491510475826e-07,Amp DC,.01,5.5,F,F,F,F,F,F,Front,F,Main,9.2000207901001,Volt DC,10,T,2W,F,F,03/28/2018,00:15:25,.877247340
210,6.400957772712e-07,Amp DC,.01,5.5,F,F,F,F,F,F,Front,F,Main,9.1001157760620,Volt DC,10,T,2W,F,F,03/28/2018,00:15:25,.947662380
211,6.324333412522e-07,Amp DC,.01,5.5,F,F,F,F,F,F,Front,F,Main,8.9999189376831,Volt DC,10,T,2W,F,F,03/28/2018,00:15:26,.018108380
212,6.226813979993e-07,Amp DC,.01,5.5,F,F,F,F,F,F,Front,F,Main,8.9000539779663,Volt DC,10,T,2W,F,F,03/28/2018,00:15:26,.088534900
213,6.171089239615e-07,Amp DC,.01,5.5,F,F,F,F,F,F,Front,F,Main,8.8002357482910,Volt DC,10,T,2W,F,F,03/28/2018,00:15:26,.158973500
214,6.059637485123e-07,Amp DC,.01,5.5,F,F,F,F,F,F,Front,F,Main,8.7000494003296,Volt DC,10,T,2W,F,F,03/28/2018,00:15:26,.229415860
215,5.969083645141e-07,Amp DC,.01,5.5,F,F,F,F,F,F,Front,F,Main,8.6001482009888,Volt DC,10,T,2W,F,F,03/28/2018,00:15:26,.299839500
216,5.850664024365e-07,Amp DC,.01,5.5,F,F,F,F,F,F,Front,F,Main,8.4999580383301,Volt DC,10,T,2W,F,F,03/28/2018,00:15:26,.370258880
217,5.829768383592e-07,Amp DC,.01,5.5,F,F,F,F,F,F,Front,F,Main,8.4000787734985,Volt DC,10,T,2W,F,F,03/28/2018,00:15:26,.440658560
218,5.746178430854e-07,Amp DC,.01,5.5,F,F,F,F,F,F,Front,F,Main,8.3002662658691,Volt DC,10,T,2W,F,F,03/28/2018,00:15:26,.511069200
219,5.655624022438e-07,Amp DC,.01,5.5,F,F,F,F,F,F,Front,F,Main,8.2000150680542,Volt DC,10,T,2W,F,F,03/28/2018,00:15:26,.581464600
220,5.572035206569e-07,Amp DC,.01,5.5,F,F,F,F,F,F,Front,F,Main,8.1002054214478,Volt DC,10,T,2W,F,F,03/28/2018,00:15:26,.651889600
221,5.474514637172e-07,Amp DC,.01,5.5,F,F,F,F,F,F,Front,F,Main,7.9999990463257,Volt DC,10,T,2W,F,F,03/28/2018,00:15:26,.722314160
222,5.418790465228e-07,Amp DC,.01,5.5,F,F,F,F,F,F,Front,F,Main,7.9001116752625,Volt DC,10,T,2W,F,F,03/28/2018,00:15:26,.792726300
223,5.307339847604e-07,Amp DC,.01,5.5,F,F,F,F,F,F,Front,F,Main,7.8002610206604,Volt DC,10,T,2W,F,F,03/28/2018,00:15:26,.863140740
224,5.230715487414e-07,Amp DC,.01,5.5,F,F,F,F,F,F,Front,F,Main,7.7000966072083,Volt DC,10,T,2W,F,F,03/28/2018,00:15:26,.933555800
225,5.147125534677e-07,Amp DC,.01,5.5,F,F,F,F,F,F,Front,F,Main,7.6002268791199,Volt DC,10,T,2W,F,F,03/28/2018,00:15:27,.003975820
226,5.084435770186e-07,Amp DC,.01,5.5,F,F,F,F,F,F,Front,F,Main,7.5000414848328,Volt DC,10,T,2W,F,F,03/28/2018,00:15:27,.074393820
227,4.986915200789e-07,Amp DC,.01,5.5,F,F,F,F,F,F,Front,F,Main,7.4001717567444,Volt DC,10,T,2W,F,F,03/28/2018,00:15:27,.144823040
228,4.910293114335e-07,Amp DC,.01,5.5,F,F,F,F,F,F,Front,F,Main,7.2999243736267,Volt DC,10,T,2W,F,F,03/28/2018,00:15:27,.215251580
229,4.812771408069e-07,Amp DC,.01,5.5,F,F,F,F,F,F,Front,F,Main,7.2000570297241,Volt DC,10,T,2W,F,F,03/28/2018,00:15:27,.285680160
230,4.770977852786e-07,Amp DC,.01,5.5,F,F,F,F,F,F,Front,F,Main,7.1002345085144,Volt DC,10,T,2W,F,F,03/28/2018,00:15:27,.356108640
231,4.694354913681e-07,Amp DC,.01,5.5,F,F,F,F,F,F,Front,F,Main,7.0000591278076,Volt DC,10,T,2W,F,F,03/28/2018,00:15:27,.426543180
232,4.582902874972e-07,Amp DC,.01,5.5,F,F,F,F,F,F,Front,F,Main,6.9001774787903,Volt DC,10,T,2W,F,F,03/28/2018,00:15:27,.496981700
233,4.52021225783e-07,Amp DC,.01,5.5,F,F,F,F,F,F,Front,F,Main,6.7999658584595,Volt DC,10,T,2W,F,F,03/28/2018,00:15:27,.567418760
234,4.436622020876e-07,Amp DC,.01,5.5,F,F,F,F,F,F,Front,F,Main,6.7000722885132,Volt DC,10,T,2W,F,F,03/28/2018,00:15:27,.637834720
235,4.346068180894e-07,Amp DC,.01,5.5,F,F,F,F,F,F,Front,F,Main,6.6002564430237,Volt DC,10,T,2W,F,F,03/28/2018,00:15:27,.708257060
236,4.290342303648e-07,Amp DC,.01,5.5,F,F,F,F,F,F,Front,F,Main,6.5001225471497,Volt DC,10,T,2W,F,F,03/28/2018,00:15:27,.778685180
237,4.171925525043e-07,Amp DC,.01,5.5,F,F,F,F,F,F,Front,F,Main,6.4002652168274,Volt DC,10,T,2W,F,F,03/28/2018,00:15:27,.849110300
238,4.123162113956e-07,Amp DC,.01,5.5,F,F,F,F,F,F,Front,F,Main,6.3000645637512,Volt DC,10,T,2W,F,F,03/28/2018,00:15:27,.919515140
239,4.018677657314e-07,Amp DC,.01,5.5,F,F,F,F,F,F,Front,F,Main,6.2001342773438,Volt DC,10,T,2W,F,F,03/28/2018,00:15:27,.989922940
240,3.914191211152e-07,Amp DC,.01,5.5,F,F,F,F,F,F,Front,F,Main,6.0999512672424,Volt DC,10,T,2W,F,F,03/28/2018,00:15:28,.060332000
241,3.851500309793e-07,Amp DC,.01,5.5,F,F,F,F,F,F,Front,F,Main,6.0001492500305,Volt DC,10,T,2W,F,F,03/28/2018,00:15:28,.130759720
242,3.823637086953e-07,Amp DC,.01,5.5,F,F,F,F,F,F,Front,F,Main,5.9002361297607,Volt DC,10,T,2W,F,F,03/28/2018,00:15:28,.201182640
243,3.733084099622e-07,Amp DC,.01,5.5,F,F,F,F,F,F,Front,F,Main,5.8000535964966,Volt DC,10,T,2W,F,F,03/28/2018,00:15:28,.271602800
244,3.649494431102e-07,Amp DC,.01,5.5,F,F,F,F,F,F,Front,F,Main,5.7001652717590,Volt DC,10,T,2W,F,F,03/28/2018,00:15:28,.342016920
245,3.551974145921e-07,Amp DC,.01,5.5,F,F,F,F,F,F,Front,F,Main,5.5999670028687,Volt DC,10,T,2W,F,F,03/28/2018,00:15:28,.412444760
246,3.468385614269e-07,Amp DC,.01,5.5,F,F,F,F,F,F,Front,F,Main,5.5001010894775,Volt DC,10,T,2W,F,F,03/28/2018,00:15:28,.482853660
247,3.412659737023e-07,Amp DC,.01,5.5,F,F,F,F,F,F,Front,F,Main,5.4002985954285,Volt DC,10,T,2W,F,F,03/28/2018,00:15:28,.553265100
248,3.329070636937e-07,Amp DC,.01,5.5,F,F,F,F,F,F,Front,F,Main,5.3000802993774,Volt DC,10,T,2W,F,F,03/28/2018,00:15:28,.623684520
249,3.231550920191e-07,Amp DC,.01,5.5,F,F,F,F,F,F,Front,F,Main,5.2002186775208,Volt DC,10,T,2W,F,F,03/28/2018,00:15:28,.694105220
250,3.210654710983e-07,Amp DC,.01,5.5,F,F,F,F,F,F,Front,F,Main,5.1000332832336,Volt DC,10,T,2W,F,F,03/28/2018,00:15:28,.764531240
251,3.113133857369e-07,Amp DC,.01,5.5,F,F,F,F,F,F,Front,F,Main,5.0001811981201,Volt DC,10,T,2W,F,F,03/28/2018,00:15:28,.834940360
252,3.022578596301e-07,Amp DC,.01,5.5,F,F,F,F,F,F,Front,F,Main,4.8999304771423,Volt DC,10,T,2W,F,F,03/28/2018,00:15:28,.905354820
253,2.959887694942e-07,Amp DC,.01,5.5,F,F,F,F,F,F,Front,F,Main,4.8001127243042,Volt DC,10,T,2W,F,F,03/28/2018,00:15:28,.975773420
254,2.876298879073e-07,Amp DC,.01,5.5,F,F,F,F,F,F,Front,F,Main,4.7002620697021,Volt DC,10,T,2W,F,F,03/28/2018,00:15:29,.046212420
255,2.799675371534e-07,Amp DC,.01,5.5,F,F,F,F,F,F,Front,F,Main,4.6000704765320,Volt DC,10,T,2W,F,F,03/28/2018,00:15:29,.116651600
256,2.702154802137e-07,Amp DC,.01,5.5,F,F,F,F,F,F,Front,F,Main,4.5001564025879,Volt DC,10,T,2W,F,F,03/28/2018,00:15:29,.187079040
257,2.625532431466e-07,Amp DC,.01,5.5,F,F,F,F,F,F,Front,F,Main,4.3999471664429,Volt DC,10,T,2W,F,F,03/28/2018,00:15:29,.257518780
258,2.583738023532e-07,Amp DC,.01,5.5,F,F,F,F,F,F,Front,F,Main,4.3000874519348,Volt DC,10,T,2W,F,F,03/28/2018,00:15:29,.327964380
259,2.47925157737e-07,Amp DC,.01,5.5,F,F,F,F,F,F,Front,F,Main,4.2002496719360,Volt DC,10,T,2W,F,F,03/28/2018,00:15:29,.398394560
260,2.430491576888e-07,Amp DC,.01,5.5,F,F,F,F,F,F,Front,F,Main,4.1000604629517,Volt DC,10,T,2W,F,F,03/28/2018,00:15:29,.468801340
261,2.312073945632e-07,Amp DC,.01,5.5,F,F,F,F,F,F,Front,F,Main,4.0001974105835,Volt DC,10,T,2W,F,F,03/28/2018,00:15:29,.539207120
262,2.221519537215e-07,Amp DC,.01,5.5,F,F,F,F,F,F,Front,F,Main,3.8999595642090,Volt DC,10,T,2W,F,F,03/28/2018,00:15:29,.609627100
263,2.158828351639e-07,Amp DC,.01,5.5,F,F,F,F,F,F,Front,F,Main,3.8001060485840,Volt DC,10,T,2W,F,F,03/28/2018,00:15:29,.680036460
264,2.144896882328e-07,Amp DC,.01,5.5,F,F,F,F,F,F,Front,F,Main,3.7003178596497,Volt DC,10,T,2W,F,F,03/28/2018,00:15:29,.750440080
265,2.033444559402e-07,Amp DC,.01,5.5,F,F,F,F,F,F,Front,F,Main,3.6001119613647,Volt DC,10,T,2W,F,F,03/28/2018,00:15:29,.820851000
266,1.928958539565e-07,Amp DC,.01,5.5,F,F,F,F,F,F,Front,F,Main,3.5002255439758,Volt DC,10,T,2W,F,F,03/28/2018,00:15:29,.891269600
267,1.901095743051e-07,Amp DC,.01,5.5,F,F,F,F,F,F,Front,F,Main,3.4000217914581,Volt DC,10,T,2W,F,F,03/28/2018,00:15:29,.961693640
268,1.817507211399e-07,Amp DC,.01,5.5,F,F,F,F,F,F,Front,F,Main,3.3001365661621,Volt DC,10,T,2W,F,F,03/28/2018,00:15:30,.032107640
269,1.747849296407e-07,Amp DC,.01,5.5,F,F,F,F,F,F,Front,F,Main,3.1999170780182,Volt DC,10,T,2W,F,F,03/28/2018,00:15:30,.102529840
270,1.685157400289e-07,Amp DC,.01,5.5,F,F,F,F,F,F,Front,F,Main,3.1000900268555,Volt DC,10,T,2W,F,F,03/28/2018,00:15:30,.172952580
271,1.615500622165e-07,Amp DC,.01,5.5,F,F,F,F,F,F,Front,F,Main,3.0002403259277,Volt DC,10,T,2W,F,F,03/28/2018,00:15:30,.243364600
272,1.545843275608e-07,Amp DC,.01,5.5,F,F,F,F,F,F,Front,F,Main,2.9000403881073,Volt DC,10,T,2W,F,F,03/28/2018,00:15:30,.313788140
273,1.448322564102e-07,Amp DC,.01,5.5,F,F,F,F,F,F,Front,F,Main,2.8001203536987,Volt DC,10,T,2W,F,F,03/28/2018,00:15:30,.384202900
274,1.392596971073e-07,Amp DC,.01,5.5,F,F,F,F,F,F,Front,F,Main,2.6999435424805,Volt DC,10,T,2W,F,F,03/28/2018,00:15:30,.454618800
275,1.295076685892e-07,Amp DC,.01,5.5,F,F,F,F,F,F,Front,F,Main,2.6000642776489,Volt DC,10,T,2W,F,F,03/28/2018,00:15:30,.525043780
276,1.24631668541e-07,Amp DC,.01,5.5,F,F,F,F,F,F,Front,F,Main,2.5002419948578,Volt DC,10,T,2W,F,F,03/28/2018,00:15:30,.595464140
277,1.148796187067e-07,Amp DC,.01,5.5,F,F,F,F,F,F,Front,F,Main,2.4000442028046,Volt DC,10,T,2W,F,F,03/28/2018,00:15:30,.665888740
278,1.093070522984e-07,Amp DC,.01,5.5,F,F,F,F,F,F,Front,F,Main,2.3001990318298,Volt DC,10,T,2W,F,F,03/28/2018,00:15:30,.736310240
279,1.030378697919e-07,Amp DC,.01,5.5,F,F,F,F,F,F,Front,F,Main,2.1999413967133,Volt DC,10,T,2W,F,F,03/28/2018,00:15:30,.806751600
280,9.467898109961e-08,Amp DC,.01,5.5,F,F,F,F,F,F,Front,F,Main,2.1000778675079,Volt DC,10,T,2W,F,F,03/28/2018,00:15:30,.877178080
281,8.771323933843e-08,Amp DC,.01,5.5,F,F,F,F,F,F,Front,F,Main,1.9998830556870,Volt DC,10,T,2W,F,F,03/28/2018,00:15:30,.947597500
282,8.074750468268e-08,Amp DC,.01,5.5,F,F,F,F,F,F,Front,F,Main,1.9000610113144,Volt DC,10,T,2W,F,F,03/28/2018,00:15:31,.018028940
283,7.378174871064e-08,Amp DC,.01,5.5,F,F,F,F,F,F,Front,F,Main,1.8001397848129,Volt DC,10,T,2W,F,F,03/28/2018,00:15:31,.088449880
284,6.472620839304e-08,Amp DC,.01,5.5,F,F,F,F,F,F,Front,F,Main,1.6999585628510,Volt DC,10,T,2W,F,F,03/28/2018,00:15:31,.158866620
285,5.845697614859e-08,Amp DC,.01,5.5,F,F,F,F,F,F,Front,F,Main,1.6000837087631,Volt DC,10,T,2W,F,F,03/28/2018,00:15:31,.229275100
286,5.149116688585e-08,Amp DC,.01,5.5,F,F,F,F,F,F,Front,F,Main,1.4998590946198,Volt DC,10,T,2W,F,F,03/28/2018,00:15:31,.299688460
287,4.313220713925e-08,Amp DC,.01,5.5,F,F,F,F,F,F,Front,F,Main,1.4000538587570,Volt DC,10,T,2W,F,F,03/28/2018,00:15:31,.370094040
288,3.546983506908e-08,Amp DC,.01,5.5,F,F,F,F,F,F,Front,F,Main,1.3001697063446,Volt DC,10,T,2W,F,F,03/28/2018,00:15:31,.440507520
289,3.059375686121e-08,Amp DC,.01,5.5,F,F,F,F,F,F,Front,F,Main,1.1999660730362,Volt DC,10,T,2W,F,F,03/28/2018,00:15:31,.510929160
290,2.362795115118e-08,Amp DC,.01,5.5,F,F,F,F,F,F,Front,F,Main,1.1000601053238,Volt DC,10,T,2W,F,F,03/28/2018,00:15:31,.581319920
291,1.73587615393e-08,Amp DC,.01,5.5,F,F,F,F,F,F,Front,F,Main,0.9998761415482,Volt DC,10,T,2W,F,F,03/28/2018,00:15:31,.651726640
292,1.039292385485e-08,Amp DC,.01,5.5,F,F,F,F,F,F,Front,F,Main,0.9000025987625,Volt DC,10,T,2W,F,F,03/28/2018,00:15:31,.722137440
293,1.33737643182e-09,Amp DC,.01,5.5,F,F,F,F,F,F,Front,F,Main,0.8001672625542,Volt DC,10,T,2W,F,F,03/28/2018,00:15:31,.792554980
294,-5.628422172776e-09,Amp DC,.01,5.5,F,F,F,F,F,F,Front,F,Main,0.6999699473381,Volt DC,10,T,2W,F,F,03/28/2018,00:15:31,.862970980
295,-1.398739613023e-08,Amp DC,.01,5.5,F,F,F,F,F,F,Front,F,Main,0.6001139283180,Volt DC,10,T,2W,F,F,03/28/2018,00:15:31,.933383640
296,-2.234636298226e-08,Amp DC,.01,5.5,F,F,F,F,F,F,Front,F,Main,0.4998379647732,Volt DC,10,T,2W,F,F,03/28/2018,00:15:32,.003815520
297,-2.582925162642e-08,Amp DC,.01,5.5,F,F,F,F,F,F,Front,F,Main,0.3999542295933,Volt DC,10,T,2W,F,F,03/28/2018,00:15:32,.074239060
298,-3.27950715473e-08,Amp DC,.01,5.5,F,F,F,F,F,F,Front,F,Main,0.2997832298279,Volt DC,10,T,2W,F,F,03/28/2018,00:15:32,.144663480
299,-3.76711568606e-08,Amp DC,.01,5.5,F,F,F,F,F,F,Front,F,Main,0.1999547928572,Volt DC,10,T,2W,F,F,03/28/2018,00:15:32,.215071100
300,-4.394041042133e-08,Amp DC,.01,5.5,F,F,F,F,F,F,Front,F,Main,0.1000752002001,Volt DC,10,T,2W,F,F,03/28/2018,00:15:32,.285495600
301,-4.951299814593e-08,Amp DC,.01,5.5,F,F,F,F,F,F,Front,F,Main,-0.0001414308208,Volt DC,10,T,2W,F,F,03/28/2018,00:15:32,.355933820
302,-6.135484653669e-08,Amp DC,.01,5.5,F,F,F,F,F,F,Front,F,Main,-0.0998216867447,Volt DC,10,T,2W,F,F,03/28/2018,00:15:32,.426673920
303,-6.62309602717e-08,Amp DC,.01,5.5,F,F,F,F,F,F,Front,F,Main,-0.1997119784355,Volt DC,10,T,2W,F,F,03/28/2018,00:15:32,.497090040
304,-7.598311668744e-08,Amp DC,.01,5.5,F,F,F,F,F,F,Front,F,Main,-0.2998757660389,Volt DC,10,T,2W,F,F,03/28/2018,00:15:32,.567519640
305,-7.946601243702e-08,Amp DC,.01,5.5,F,F,F,F,F,F,Front,F,Main,-0.3997231423855,Volt DC,10,T,2W,F,F,03/28/2018,00:15:32,.637962440
306,-8.921811200935e-08,Amp DC,.01,5.5,F,F,F,F,F,F,Front,F,Main,-0.4995843172073,Volt DC,10,T,2W,F,F,03/28/2018,00:15:32,.708390920
307,-9.548733004294e-08,Amp DC,.01,5.5,F,F,F,F,F,F,Front,F,Main,-0.5998861789703,Volt DC,10,T,2W,F,F,03/28/2018,00:15:32,.778804640
308,-1.010598893458e-07,Amp DC,.01,5.5,F,F,F,F,F,F,Front,F,Main,-0.6997484564781,Volt DC,10,T,2W,F,F,03/28/2018,00:15:32,.849226420
309,-1.073292636988e-07,Amp DC,.01,5.5,F,F,F,F,F,F,Front,F,Main,-0.7999389767647,Volt DC,10,T,2W,F,F,03/28/2018,00:15:32,.919666240
310,-1.149916286636e-07,Amp DC,.01,5.5,F,F,F,F,F,F,Front,F,Main,-0.8997683525085,Volt DC,10,T,2W,F,F,03/28/2018,00:15:32,.990070460
311,-1.212607969592e-07,Amp DC,.01,5.5,F,F,F,F,F,F,Front,F,Main,-0.9996528625488,Volt DC,10,T,2W,F,F,03/28/2018,00:15:33,.060485720
312,-1.303164083311e-07,Amp DC,.01,5.5,F,F,F,F,F,F,Front,F,Main,-1.0998569726944,Volt DC,10,T,2W,F,F,03/28/2018,00:15:33,.130884820
313,-1.365855553104e-07,Amp DC,.01,5.5,F,F,F,F,F,F,Front,F,Main,-1.1997535228729,Volt DC,10,T,2W,F,F,03/28/2018,00:15:33,.201311400
314,-1.470343420351e-07,Amp DC,.01,5.5,F,F,F,F,F,F,Front,F,Main,-1.2999771833420,Volt DC,10,T,2W,F,F,03/28/2018,00:15:33,.271742000
315,-1.512138112503e-07,Amp DC,.01,5.5,F,F,F,F,F,F,Front,F,Main,-1.3998492956161,Volt DC,10,T,2W,F,F,03/28/2018,00:15:33,.342145280
316,-1.540001903777e-07,Amp DC,.01,5.5,F,F,F,F,F,F,Front,F,Main,-1.4996708631516,Volt DC,10,T,2W,F,F,03/28/2018,00:15:33,.412559180
317,-1.630557733279e-07,Amp DC,.01,5.5,F,F,F,F,F,F,Front,F,Main,-1.5999039411545,Volt DC,10,T,2W,F,F,03/28/2018,00:15:33,.482955880
318,-1.707181525035e-07,Amp DC,.01,5.5,F,F,F,F,F,F,Front,F,Main,-1.6997693777084,Volt DC,10,T,2W,F,F,03/28/2018,00:15:33,.553389660
319,-1.748976217186e-07,Amp DC,.01,5.5,F,F,F,F,F,F,Front,F,Main,-1.7999757528305,Volt DC,10,T,2W,F,F,03/28/2018,00:15:33,.623786400
320,-1.846495933933e-07,Amp DC,.01,5.5,F,F,F,F,F,F,Front,F,Main,-1.8998911380768,Volt DC,10,T,2W,F,F,03/28/2018,00:15:33,.694199960
321,-1.902222948047e-07,Amp DC,.01,5.5,F,F,F,F,F,F,Front,F,Main,-1.9997223615646,Volt DC,10,T,2W,F,F,03/28/2018,00:15:33,.764631920
322,-1.97188171569e-07,Amp DC,.01,5.5,F,F,F,F,F,F,Front,F,Main,-2.0999414920807,Volt DC,10,T,2W,F,F,03/28/2018,00:15:33,.835053240
323,-2.041539630682e-07,Amp DC,.01,5.5,F,F,F,F,F,F,Front,F,Main,-2.1997835636139,Volt DC,10,T,2W,F,F,03/28/2018,00:15:33,.905483020
324,-2.111198966759e-07,Amp DC,.01,5.5,F,F,F,F,F,F,Front,F,Main,-2.3000421524048,Volt DC,10,T,2W,F,F,03/28/2018,00:15:33,.975891740
325,-2.173890152335e-07,Amp DC,.01,5.5,F,F,F,F,F,F,Front,F,Main,-2.3999054431915,Volt DC,10,T,2W,F,F,03/28/2018,00:15:34,.046321020
326,-2.243548351544e-07,Amp DC,.01,5.5,F,F,F,F,F,F,Front,F,Main,-2.4997763633728,Volt DC,10,T,2W,F,F,03/28/2018,00:15:34,.116747500
327,-2.285343896347e-07,Amp DC,.01,5.5,F,F,F,F,F,F,Front,F,Main,-2.5999269485474,Volt DC,10,T,2W,F,F,03/28/2018,00:15:34,.187169880
328,-2.368934133301e-07,Amp DC,.01,5.5,F,F,F,F,F,F,Front,F,Main,-2.6998121738434,Volt DC,10,T,2W,F,F,03/28/2018,00:15:34,.257605560
329,-2.466453850047e-07,Amp DC,.01,5.5,F,F,F,F,F,F,Front,F,Main,-2.8000144958496,Volt DC,10,T,2W,F,F,03/28/2018,00:15:34,.328017140
330,-2.508247973765e-07,Amp DC,.01,5.5,F,F,F,F,F,F,Front,F,Main,-2.8999111652374,Volt DC,10,T,2W,F,F,03/28/2018,00:15:34,.398453140
331,-2.591839347588e-07,Amp DC,.01,5.5,F,F,F,F,F,F,Front,F,Main,-2.9997918605804,Volt DC,10,T,2W,F,F,03/28/2018,00:15:34,.468871300
332,-2.640599916504e-07,Amp DC,.01,5.5,F,F,F,F,F,F,Front,F,Main,-3.0999872684479,Volt DC,10,T,2W,F,F,03/28/2018,00:15:34,.539295520
333,-2.682394892872e-07,Amp DC,.01,5.5,F,F,F,F,F,F,Front,F,Main,-3.1998195648193,Volt DC,10,T,2W,F,F,03/28/2018,00:15:34,.609703480
334,-2.765984561393e-07,Amp DC,.01,5.5,F,F,F,F,F,F,Front,F,Main,-3.3000538349152,Volt DC,10,T,2W,F,F,03/28/2018,00:15:34,.680121760
335,-2.863505699224e-07,Amp DC,.01,5.5,F,F,F,F,F,F,Front,F,Main,-3.3999261856079,Volt DC,10,T,2W,F,F,03/28/2018,00:15:34,.750571060
336,-2.905301812461e-07,Amp DC,.01,5.5,F,F,F,F,F,F,Front,F,Main,-3.4997968673706,Volt DC,10,T,2W,F,F,03/28/2018,00:15:34,.820968920
337,-3.002822950293e-07,Amp DC,.01,5.5,F,F,F,F,F,F,Front,F,Main,-3.6000380516052,Volt DC,10,T,2W,F,F,03/28/2018,00:15:34,.891387400
338,-3.072480581068e-07,Amp DC,.01,5.5,F,F,F,F,F,F,Front,F,Main,-3.6999094486237,Volt DC,10,T,2W,F,F,03/28/2018,00:15:34,.961779120
339,-3.100343519691e-07,Amp DC,.01,5.5,F,F,F,F,F,F,Front,F,Main,-3.8000411987305,Volt DC,10,T,2W,F,F,03/28/2018,00:15:35,.032197800
340,-3.176968448315e-07,Amp DC,.01,5.5,F,F,F,F,F,F,Front,F,Main,-3.8998954296112,Volt DC,10,T,2W,F,F,03/28/2018,00:15:35,.102615520
341,-3.253592808505e-07,Amp DC,.01,5.5,F,F,F,F,F,F,Front,F,Main,-3.9997875690460,Volt DC,10,T,2W,F,F,03/28/2018,00:15:35,.173011940
342,-3.330215179176e-07,Amp DC,.01,5.5,F,F,F,F,F,F,Front,F,Main,-4.1000022888184,Volt DC,10,T,2W,F,F,03/28/2018,00:15:35,.243423480
343,-3.39290750162e-07,Amp DC,.01,5.5,F,F,F,F,F,F,Front,F,Main,-4.1998677253723,Volt DC,10,T,2W,F,F,03/28/2018,00:15:35,.313833940
344,-3.455600108282e-07,Amp DC,.01,5.5,F,F,F,F,F,F,Front,F,Main,-4.3000416755676,Volt DC,10,T,2W,F,F,03/28/2018,00:15:35,.384248880
345,-3.539188924151e-07,Amp DC,.01,5.5,F,F,F,F,F,F,Front,F,Main,-4.3999185562134,Volt DC,10,T,2W,F,F,03/28/2018,00:15:35,.454658460
346,-3.574019729058e-07,Amp DC,.01,5.5,F,F,F,F,F,F,Front,F,Main,-4.4997801780701,Volt DC,10,T,2W,F,F,03/28/2018,00:15:35,.525070400
347,-3.657608829144e-07,Amp DC,.01,5.5,F,F,F,F,F,F,Front,F,Main,-4.6000218391418,Volt DC,10,T,2W,F,F,03/28/2018,00:15:35,.595498600
348,-3.734231199815e-07,Amp DC,.01,5.5,F,F,F,F,F,F,Front,F,Main,-4.6999135017395,Volt DC,10,T,2W,F,F,03/28/2018,00:15:35,.665917380
349,-3.77602844992e-07,Amp DC,.01,5.5,F,F,F,F,F,F,Front,F,Main,-4.8001070022583,Volt DC,10,T,2W,F,F,03/28/2018,00:15:35,.736336080
350,-3.87355072462e-07,Amp DC,.01,5.5,F,F,F,F,F,F,Front,F,Main,-4.8999295234680,Volt DC,10,T,2W,F,F,03/28/2018,00:15:35,.806752180
351,-3.922311577753e-07,Amp DC,.01,5.5,F,F,F,F,F,F,Front,F,Main,-4.9998259544373,Volt DC,10,T,2W,F,F,03/28/2018,00:15:35,.877173420
352,-4.012865417735e-07,Amp DC,.01,5.5,F,F,F,F,F,F,Front,F,Main,-5.1000118255615,Volt DC,10,T,2W,F,F,03/28/2018,00:15:35,.947614820
353,-4.061627407737e-07,Amp DC,.01,5.5,F,F,F,F,F,F,Front,F,Main,-5.1998863220215,Volt DC,10,T,2W,F,F,03/28/2018,00:15:36,.018037080
354,-4.152182953021e-07,Amp DC,.01,5.5,F,F,F,F,F,F,Front,F,Main,-5.3000874519348,Volt DC,10,T,2W,F,F,03/28/2018,00:15:36,.088460180
355,-4.22184115223e-07,Amp DC,.01,5.5,F,F,F,F,F,F,Front,F,Main,-5.3999571800232,Volt DC,10,T,2W,F,F,03/28/2018,00:15:36,.158875460
356,-4.249704090853e-07,Amp DC,.01,5.5,F,F,F,F,F,F,Front,F,Main,-5.4997763633728,Volt DC,10,T,2W,F,F,03/28/2018,00:15:36,.229299740
357,-4.326328451043e-07,Amp DC,.01,5.5,F,F,F,F,F,F,Front,F,Main,-5.5999770164490,Volt DC,10,T,2W,F,F,03/28/2018,00:15:36,.299738200
358,-4.389019352402e-07,Amp DC,.01,5.5,F,F,F,F,F,F,Front,F,Main,-5.6998710632324,Volt DC,10,T,2W,F,F,03/28/2018,00:15:36,.370152500
359,-4.486541058668e-07,Amp DC,.01,5.5,F,F,F,F,F,F,Front,F,Main,-5.8000864982605,Volt DC,10,T,2W,F,F,03/28/2018,00:15:36,.440586840
360,-4.563166555727e-07,Amp DC,.01,5.5,F,F,F,F,F,F,Front,F,Main,-5.8999533653259,Volt DC,10,T,2W,F,F,03/28/2018,00:15:36,.511010300
361,-4.625858593954e-07,Amp DC,.01,5.5,F,F,F,F,F,F,Front,F,Main,-5.9998817443848,Volt DC,10,T,2W,F,F,03/28/2018,00:15:36,.581452740
362,-4.66765385454e-07,Amp DC,.01,5.5,F,F,F,F,F,F,Front,F,Main,-6.1000089645386,Volt DC,10,T,2W,F,F,03/28/2018,00:15:36,.651861920
363,-4.765174992372e-07,Amp DC,.01,5.5,F,F,F,F,F,F,Front,F,Main,-6.1998701095581,Volt DC,10,T,2W,F,F,03/28/2018,00:15:36,.722260340
364,-4.813936129722e-07,Amp DC,.01,5.5,F,F,F,F,F,F,Front,F,Main,-6.3000922203064,Volt DC,10,T,2W,F,F,03/28/2018,00:15:36,.792684720
365,-4.925388452648e-07,Amp DC,.01,5.5,F,F,F,F,F,F,Front,F,Main,-6.3999848365784,Volt DC,10,T,2W,F,F,03/28/2018,00:15:36,.863094660
366,-4.93931793244e-07,Amp DC,.01,5.5,F,F,F,F,F,F,Front,F,Main,-6.4998354911804,Volt DC,10,T,2W,F,F,03/28/2018,00:15:36,.933501420
367,-5.043805799687e-07,Amp DC,.01,5.5,F,F,F,F,F,F,Front,F,Main,-6.5999817848206,Volt DC,10,T,2W,F,F,03/28/2018,00:15:37,.003899860
368,-5.092567789688e-07,Amp DC,.01,5.5,F,F,F,F,F,F,Front,F,Main,-6.6998438835144,Volt DC,10,T,2W,F,F,03/28/2018,00:15:37,.074300160
369,-5.141330348124e-07,Amp DC,.01,5.5,F,F,F,F,F,F,Front,F,Main,-6.8000421524048,Volt DC,10,T,2W,F,F,03/28/2018,00:15:37,.144735500
370,-5.252781534182e-07,Amp DC,.01,5.5,F,F,F,F,F,F,Front,F,Main,-6.8999280929565,Volt DC,10,T,2W,F,F,03/28/2018,00:15:37,.215144040
371,-5.315476983014e-07,Amp DC,.01,5.5,F,F,F,F,F,F,Front,F,Main,-6.9998135566711,Volt DC,10,T,2W,F,F,03/28/2018,00:15:37,.285571620
372,-5.392097932599e-07,Amp DC,.01,5.5,F,F,F,F,F,F,Front,F,Main,-7.1000027656555,Volt DC,10,T,2W,F,F,03/28/2018,00:15:37,.355972900
373,-5.454791676129e-07,Amp DC,.01,5.5,F,F,F,F,F,F,Front,F,Main,-7.1998238563538,Volt DC,10,T,2W,F,F,03/28/2018,00:15:37,.426391460
374,-5.531414899451e-07,Amp DC,.01,5.5,F,F,F,F,F,F,Front,F,Main,-7.3000235557556,Volt DC,10,T,2W,F,F,03/28/2018,00:15:37,.496816460
375,-5.559276701206e-07,Amp DC,.01,5.5,F,F,F,F,F,F,Front,F,Main,-7.3999161720276,Volt DC,10,T,2W,F,F,03/28/2018,00:15:37,.567227800
376,-5.628937742586e-07,Amp DC,.01,5.5,F,F,F,F,F,F,Front,F,Main,-7.4998202323914,Volt DC,10,T,2W,F,F,03/28/2018,00:15:37,.637649260
377,-5.747356794927e-07,Amp DC,.01,5.5,F,F,F,F,F,F,Front,F,Main,-7.6000256538391,Volt DC,10,T,2W,F,F,03/28/2018,00:15:37,.708061980
378,-5.810049401589e-07,Amp DC,.01,5.5,F,F,F,F,F,F,Front,F,Main,-7.6998848915100,Volt DC,10,T,2W,F,F,03/28/2018,00:15:37,.778486360
379,-5.858809686288e-07,Amp DC,.01,5.5,F,F,F,F,F,F,Front,F,Main,-7.8000578880310,Volt DC,10,T,2W,F,F,03/28/2018,00:15:37,.848926380
380,-5.907571676289e-07,Amp DC,.01,5.5,F,F,F,F,F,F,Front,F,Main,-7.8999013900757,Volt DC,10,T,2W,F,F,03/28/2018,00:15:37,.919333760
381,-6.025989591762e-07,Amp DC,.01,5.5,F,F,F,F,F,F,Front,F,Main,-7.9997901916504,Volt DC,10,T,2W,F,F,03/28/2018,00:15:37,.989771060
382,-6.10261224665e-07,Amp DC,.01,5.5,F,F,F,F,F,F,Front,F,Main,-8.0999889373779,Volt DC,10,T,2W,F,F,03/28/2018,00:15:38,.060194620
383,-6.158339829199e-07,Amp DC,.01,5.5,F,F,F,F,F,F,Front,F,Main,-8.1998491287231,Volt DC,10,T,2W,F,F,03/28/2018,00:15:38,.130620340
384,-6.207098408595e-07,Amp DC,.01,5.5,F,F,F,F,F,F,Front,F,Main,-8.3000459671021,Volt DC,10,T,2W,F,F,03/28/2018,00:15:38,.201045880
385,-6.283724474088e-07,Amp DC,.01,5.5,F,F,F,F,F,F,Front,F,Main,-8.3998842239380,Volt DC,10,T,2W,F,F,03/28/2018,00:15:38,.271463580
386,-6.346417080749e-07,Amp DC,.01,5.5,F,F,F,F,F,F,Front,F,Main,-8.4997634887695,Volt DC,10,T,2W,F,F,03/28/2018,00:15:38,.341907960
387,-6.47180058877e-07,Amp DC,.01,5.5,F,F,F,F,F,F,Front,F,Main,-8.5999574661255,Volt DC,10,T,2W,F,F,03/28/2018,00:15:38,.412330100
388,-6.478768455054e-07,Amp DC,.01,5.5,F,F,F,F,F,F,Front,F,Main,-8.6998691558838,Volt DC,10,T,2W,F,F,03/28/2018,00:15:38,.482733500
389,-6.583252911696e-07,Amp DC,.01,5.5,F,F,F,F,F,F,Front,F,Main,-8.8000755310059,Volt DC,10,T,2W,F,F,03/28/2018,00:15:38,.553130380
390,-6.652913384642e-07,Amp DC,.01,5.5,F,F,F,F,F,F,Front,F,Main,-8.8999261856079,Volt DC,10,T,2W,F,F,03/28/2018,00:15:38,.623543660
391,-6.70863414598e-07,Amp DC,.01,5.5,F,F,F,F,F,F,Front,F,Main,-8.9997529983521,Volt DC,10,T,2W,F,F,03/28/2018,00:15:38,.693971440
392,-6.799194238738e-07,Amp DC,.01,5.5,F,F,F,F,F,F,Front,F,Main,-9.0999660491943,Volt DC,10,T,2W,F,F,03/28/2018,00:15:38,.764371780
393,-6.854922958155e-07,Amp DC,.01,5.5,F,F,F,F,F,F,Front,F,Main,-9.1998548507690,Volt DC,10,T,2W,F,F,03/28/2018,00:15:38,.834777920
394,-6.959409688534e-07,Amp DC,.01,5.5,F,F,F,F,F,F,Front,F,Main,-9.3000450134277,Volt DC,10,T,2W,F,F,03/28/2018,00:15:38,.905181360
395,-7.008170541667e-07,Amp DC,.01,5.5,F,F,F,F,F,F,Front,F,Main,-9.3999080657959,Volt DC,10,T,2W,F,F,03/28/2018,00:15:38,.975596480
396,-7.091759357536e-07,Amp DC,.01,5.5,F,F,F,F,F,F,Front,F,Main,-9.4997177124023,Volt DC,10,T,2W,F,F,03/28/2018,00:15:39,.046023280
397,-7.147486940084e-07,Amp DC,.01,5.5,F,F,F,F,F,F,Front,F,Main,-9.5999250411987,Volt DC,10,T,2W,F,F,03/28/2018,00:15:39,.116437620
398,-7.279833198481e-07,Amp DC,.01,5.5,F,F,F,F,F,F,Front,F,Main,-9.6997747421265,Volt DC,10,T,2W,F,F,03/28/2018,00:15:39,.186858420
399,-7.300732818294e-07,Amp DC,.01,5.5,F,F,F,F,F,F,Front,F,Main,-9.8000364303589,Volt DC,10,T,2W,F,F,03/28/2018,00:15:39,.257280560
400,-7.356460400842e-07,Amp DC,.01,5.5,F,F,F,F,F,F,Front,F,Main,-9.8998928070068,Volt DC,10,T,2W,F,F,03/28/2018,00:15:39,.327694180
401,-7.433081918862e-07,Amp DC,.01,5.5,F,F,F,F,F,F,Front,F,Main,-9.9997463226318,Volt DC,10,T,2W,F,F,03/28/2018,00:15:39,.398113620
